module_id,course_id,module_title,module_content,module_duration,created_at
3a071e87-9825-4a6c-ab55-731395d57a33,dd5f09e3-33aa-46a2-aa3b-3644cf18b167,Face-to-face discrete encryption,"Government book important while power. Beyond building get film soldier notice young. Opportunity total right property.
Economic culture good add. First approach relate yourself.
Father service avoid his year military carry.",18,2024-03-19 13:59:28
ffb1628c-cdad-4297-90e4-95d2b776a679,6047372f-c9af-4531-8a73-8bdb89bfb063,Future-proofed attitude-oriented knowledgebase,"Size this state else next.
Nice respond explain board economic modern defense. Central military bank perform under author. Particular them alone hard student blood cause her.
Message agree miss able expect forget city. Control particularly summer.",15,2024-06-02 22:54:31
90845b52-62f4-4aa5-ac90-5c8eeff9d625,959f0001-a7c8-49f4-8bf7-173b2cb863b4,Streamlined even-keeled portal,"Claim theory sign vote society. Compare something sense night forward. Their perform visit unit.
City oil ok provide serve practice. Next break them when in region attorney require.",19,2024-04-25 15:50:16
5f6dde75-6ed2-43fa-98f3-1f238460c82a,a8d520b2-584e-40f8-81b0-e8e538ff1f0c,Operative 24hour analyzer,"Build green require save. Be interest order forward.
Your agreement as little. Smile spend girl relate result might what. May send check share purpose thing.
Four build together rock actually plant build. Seek fire hot current age. Paper south thus everything minute new item.",26,2024-04-22 09:14:46
039fd068-8181-42e5-8b03-342b5e8b98a9,f31ae959-58d2-437c-bf6e-3b76e3d1e479,Upgradable non-volatile middleware,"Mission approach bag clear campaign including federal mean. Yourself job community around herself whether production pick. Star little book lay without report after wish.
Easy site camera car including arrive. Candidate start each local concern. Gas authority often quite reflect more back nice.",14,2024-07-11 07:44:46
7ae14ed4-f8d9-4a0e-baa7-2cf70ee5773d,c388b418-ba14-4b9e-ae1f-b6ec6159ab06,Progressive bi-directional firmware,"Morning matter determine believe lose exist. Wish benefit trial board summer protect stuff.
Morning news those strong million if seek. Either approach report meet. Commercial military plant control themselves enough citizen.",28,2024-07-24 13:21:36
3e9edd3a-218c-4bd3-9a5a-8d2481d0ec88,ed4cf2ae-f6e7-4e7a-9ab0-a45238edf50a,Visionary neutral leverage,"Course star nearly himself drug also full.
Behavior anyone phone none head service. Congress guess health answer. I walk law during base answer.
Race shake step talk source. Defense ten now data. Different sport contain science who one black.",11,2024-01-14 22:19:44
c9790be7-d49e-4780-9f50-cc250378155a,8e577a9b-05fd-42e0-b632-df1326c8f571,Ameliorated client-driven analyzer,"Price author personal player summer. Recognize sense treatment early assume question.
Half cause sing defense memory any. Activity activity high set he among. Good ball wind pay.
Foreign majority direction structure establish. Choose me in team party.",15,2024-04-03 05:59:51
d344aaab-5922-4c05-a4ca-7dced49268c0,106b358b-973e-42b1-9154-94214dc7f604,Grass-roots analyzing concept,"Seem should note everybody federal. Animal provide but avoid charge history. Ahead truth sport.
See apply hair seek animal station buy yet. Speech drive measure attention international.
Establish table voice site. Other fill show likely page leave show level.",14,2024-09-16 03:20:48
b4f276c6-45eb-4fff-ae75-e9aa6af2802d,9e83f157-d468-419d-ad33-136689153d82,Stand-alone secondary model,"Top report face size start into. Perform throw among special consider up PM. Him bit key run decade.
Sometimes create serious product. Team for whom partner must maintain their. Strategy question bag scientist into accept nation.",15,2024-04-19 07:50:14
1bb0f605-4c3c-485b-a09a-9c8e598874ad,71377f20-bed9-410b-9fa7-142e3179e9fe,Extended fresh-thinking moratorium,"Item employee box hot get too. These mention report price.
Place growth whatever camera task animal window. Company design lawyer tax miss arrive.
Husband edge family third. Most few bar something himself. Able water rather.",14,2024-09-03 05:23:25
0053cf48-2840-4708-84f9-9a82afd747ca,a8d520b2-584e-40f8-81b0-e8e538ff1f0c,Team-oriented encompassing website,"Eye because necessary successful plant thought. Budget born more send cold loss stage unit.
Nation edge side carry. Onto eight throw you long history. Serve administration far lawyer must.
Enter happen report certain. Detail eight indicate. Left family involve base.",28,2024-01-01 04:15:43
7481b1e8-f9d2-4b10-b77c-1b51cd652000,71377f20-bed9-410b-9fa7-142e3179e9fe,Advanced static solution,"Military themselves seven structure view his. Community this financial size same guy door know.
Plan perform serious resource across before. Her soldier Mrs purpose.
Until for project boy reality finish poor. Prevent moment cold carry business until.",20,2024-07-24 20:00:38
84cc34d2-2c4c-49a2-8ec3-b30a54a21bdd,2ff0eb16-b673-41dc-8f43-332b866d7b90,Up-sized contextually-based neural-net,"Follow coach return anyone than thought for. Yes alone very. Prevent option off Republican life.
Stop then mouth physical. Which detail foreign cut movie suggest vote.
Wrong significant our thousand. Read day media deep conference painting.",12,2024-08-26 12:14:02
74016121-3c81-4413-837b-a10516c108a8,ed4cf2ae-f6e7-4e7a-9ab0-a45238edf50a,Re-contextualized non-volatile collaboration,"You total account. Southern past get present learn.
Thought before join. Plan often no floor week individual talk.
Policy buy letter deep same. East whose far within.
Like play sign follow. Whose consumer American.",25,2024-08-25 17:13:37
9ea655da-329a-46e9-af45-0e1035eb9008,90496e5e-acdd-418b-ad38-ad214e7a347e,Object-based heuristic system engine,"Trial control company sound real late. Exist chair wish physical woman.
Daughter group case ability pattern themselves. Always care tough process.
Artist tonight why base friend. Environmental success must reveal.",16,2024-06-20 19:29:03
88f23f08-145f-4886-9568-dc25b1ad9b28,3c47df7c-1842-40b3-8899-68e3d95f41c8,Synergized stable adapter,"Entire in form through. Threat base because task outside doctor activity. Street available value heavy parent teacher.
South song important thought success left. Return carry letter place control least.
Scientist tough ask necessary stay. Voice beyond exactly foot expert decision among strategy.",20,2024-03-02 11:48:55
09bc8bf6-3412-4b20-80fe-82d743f0fee5,26992488-3e60-4fa9-aa4b-6d5a4354e20b,Configurable upward-trending knowledgebase,"Force down maintain star protect activity.
Debate including table bar country attack. Job reality serious. Stand form drop minute meeting popular south. Describe either case score person begin south.
Anyone defense fill oil other. Own offer father surface middle dream. Game miss again cold exactly.",28,2024-02-27 19:15:43
35a07a06-723c-4332-9fdc-d172a7deb7ec,ba1779fd-d7f4-488b-8416-d5552dccc631,Synchronized human-resource forecast,"Property a mouth commercial woman today. Push few card degree.
Financial other be author. Few determine mother happy go first certainly. Hear sure smile account set one six even.
Some behind everything dinner. Many sit view food age lay. Piece full trip. Anyone perhaps quality late seek bank.",23,2024-01-02 23:13:29
5faa7a34-c7f8-4c36-8a12-3eb933614267,a8d520b2-584e-40f8-81b0-e8e538ff1f0c,Proactive homogeneous throughput,"News marriage test before drug up. Wind play much person sport west. Teacher senior town pattern rather.
Long every hospital technology list. Record baby beyond young support scene. Condition happen raise outside mouth want consumer.
Enter join four final move. Save skin huge west see.",29,2024-09-18 14:49:21
9ac2a3e5-6ace-48c9-b616-5eea80a16899,4f3eb0d3-dd92-4afe-9c6c-cd1634770a52,Devolved full-range moratorium,"Agreement bad white there manage. Hundred cover sell event in financial ten product. Read allow morning development institution.
Including carry off leader enough off. Tend job order able week positive.
Prevent hundred season close. Less mission once light mean job action agent.",29,2024-09-26 22:28:11
1a89f4c5-6fd7-483a-a3c1-d0a8159b3eee,9e83f157-d468-419d-ad33-136689153d82,Persevering mobile attitude,Image maintain behavior bit budget young certain. Decide animal card I front. Last forward professional focus million institution high friend.,19,2024-02-28 07:43:04
031b701b-8378-4578-beb8-6d96231faa76,7b96c6be-198f-40ea-a457-11b71fc95c61,Advanced radical knowledgebase,"Country act teacher. Factor group deep spring.
Everything very political leader account minute. Far if write history. Product mean free become hospital.
General chance happy seek.
Attack weight when partner indeed. Increase tell artist middle western resource. Stop fly party six southern fast.",18,2024-01-31 19:39:59
74088b6a-1c23-44f0-bafe-6897c3f4ac04,959f0001-a7c8-49f4-8bf7-173b2cb863b4,Public-key dynamic focus group,"Operation factor reality since. Class different thank so nice especially successful.
Energy result follow cultural country. Either resource mean four allow. Thank be part he structure music language. Sign guy subject house see action series.",15,2024-03-11 22:02:11
166a5db6-1393-42e8-9f9f-1e25bca6c925,a83b5073-16b7-4acd-b748-514eb1a25314,Open-source content-based frame,"Administration future defense no large item either. Beyond friend gun product experience.
Under behavior local white officer their nor wife. Loss live ball particularly fill. Bed old still but person top great.
New end there yeah commercial understand. Water go happen argue bit.",26,2024-04-23 11:32:16
9eab08cb-8784-42ab-908c-4e2f2705a882,7b96c6be-198f-40ea-a457-11b71fc95c61,Assimilated client-driven encryption,"Eight cover share notice. Economy loss side yes small possible.
Remember cultural say lot. Especially reach glass war work table way.
Save easy man attorney strategy friend answer thank. School Democrat brother check position.",21,2024-04-11 09:29:30
d0eac17b-6fb8-4292-8ca5-787f86eaddc5,5233bd5a-1fb4-4022-9ef4-9885ad9b99f4,Re-contextualized client-driven moratorium,"Bag enjoy question only enough rather. Sea own behavior product. Data case part assume street leader chance pressure.
Final size six feel actually management course type. Product fear agency team like activity. Section again apply else realize research news.",20,2024-09-09 06:45:24
7d8fcb77-c453-4197-a4f6-58e73a13880e,71377f20-bed9-410b-9fa7-142e3179e9fe,Optimized homogeneous protocol,"Government especially unit board represent.
Election yourself guy way response color.
If trip cost state including. Within miss finally source future stay spend. Range never dream along sign system development sometimes.",24,2024-05-11 08:12:07
06f00c6f-8dd2-4840-b975-cb2eae2d856b,5233bd5a-1fb4-4022-9ef4-9885ad9b99f4,Upgradable web-enabled access,"Herself skin usually role. Specific baby child hospital on. Floor author fish.
Nearly size send recently size south but focus. Religious success ball environment form candidate. With yet half let local.
Person argue page idea area paper. Heart above culture miss candidate beautiful.",15,2024-08-26 16:58:42
14e45e6c-90f4-4ad3-8224-fc3bcdc4158c,a83b5073-16b7-4acd-b748-514eb1a25314,Down-sized object-oriented leverage,"American establish child window. Room ago prepare treatment thousand.
Response great up later cause. Run individual response operation participant trouble. Return style interview everybody base trade finish.
Relate new industry player. Religious commercial catch result operation author quality TV.",19,2024-01-10 17:35:07
1a14c92c-acc8-4673-bee0-e490c06092a0,f31ae959-58d2-437c-bf6e-3b76e3d1e479,De-engineered multi-tasking analyzer,"Clearly protect cup lawyer future. Stage feeling series skin writer professor.
Against look save decide what practice or. Program wear positive simply right visit single painting. Dark find trade allow.",18,2024-10-08 13:21:16
c0274fe9-7574-4dfc-8210-4575572612a9,f31ae959-58d2-437c-bf6e-3b76e3d1e479,Progressive regional knowledge user,"Live rate especially red eight remain amount. Scientist surface put occur we. Opportunity kid would face conference. Compare event into former because.
Own ten within ask increase watch. Just common indicate citizen. Prove wish street power just.",10,2024-10-03 07:32:47
0c2631b1-feda-4705-a078-59ba60ba3635,ab51c6e7-897f-40b2-8d96-9acc9628a6d7,Mandatory intermediate projection,"Source theory wind must order nice call. Study mouth prove trial. Of garden share live huge since.
Task necessary minute inside his gun. Attention magazine claim become sure strong happen. Along actually project father.",24,2024-09-14 13:36:28
6ad1f781-58b0-490e-9b5a-b782c835e169,106b358b-973e-42b1-9154-94214dc7f604,Distributed executive circuit,"National less expect Mrs television. Base large finally heart.
Song different produce while fall head meet. Generation attorney land ready sister. Hour east doctor window glass something option nature.
Try leave this provide sometimes. Appear billion customer continue.",30,2024-06-24 07:18:28
25c86aa2-c42f-4686-baca-e1c71aba666e,dd5f09e3-33aa-46a2-aa3b-3644cf18b167,Universal client-server parallelism,"Should just require. Executive respond event ok difference. Mouth public member find buy effect peace. Article all ready walk theory threat.
Society trouble social pressure. Store buy no success prove well both only.
Include skill company. Attorney able want box small present wish.",20,2024-09-07 07:12:04
d62ce1a6-8077-4e6a-9f21-b54e5ebaeff9,6047372f-c9af-4531-8a73-8bdb89bfb063,De-engineered neutral algorithm,"Explain south light capital glass treat grow. Us know think. Sing much different authority. Authority toward really central behavior personal half.
Accept say scene campaign start impact want. Easy meet military about benefit blood service office. Approach finish discussion picture.",13,2024-08-01 17:38:06
a42b7a45-c2c4-4382-a6b6-6084f6e00c81,ba1779fd-d7f4-488b-8416-d5552dccc631,Intuitive human-resource website,"Tree can role its. Test cup sure cup positive beyond action trial.
Special smile partner teacher he send. Career can identify teach get staff painting. Answer cultural state catch contain. Account course way consider feel throughout.",13,2024-07-01 06:15:22
c9da37cb-2945-40cf-972f-f370f24d3f66,dd5f09e3-33aa-46a2-aa3b-3644cf18b167,Multi-tiered stable customer loyalty,"Level necessary kind everything never trouble again. Hundred floor that office through local style western. Best save anyone range.
Everybody close set thank director. Moment water produce southern.
Company garden themselves pressure small among. Significant improve entire we training now.",14,2024-05-02 04:21:48
ac1d7745-6596-4ee3-9398-e600de4bfcb6,a8d520b2-584e-40f8-81b0-e8e538ff1f0c,Virtual tangible infrastructure,"South one eye college. Research check support beyond. Happy general return wife.
Test want show teacher cover. State company bag town not people. Either would star woman situation.
At always mother buy process full account.
Subject population sister agreement value interest answer soldier.",13,2024-07-27 21:34:42
c65ea6e8-d1b5-47ff-94e7-aa1ac6f6789b,9e83f157-d468-419d-ad33-136689153d82,Focused composite hub,"Hot company mind public guess time. Event audience computer ten hot clearly simply. Agent then him on impact soldier everything.
Certainly including hit tax response many. Capital air who picture allow.",16,2024-05-09 18:14:40
d6f44eb0-f145-4cf6-bfb2-4f11c439c1b6,afa0180e-27c9-40c2-90b9-2c36049628da,Cross-group logistical orchestration,"Responsibility range each occur be fill size. Free maybe painting woman son culture. Between about program turn unit voice maybe something.
Measure paper bank vote happy concern player night. Compare some face. Safe form sort nice community thousand.",24,2024-05-12 03:57:59
51b2ee0a-bb40-4bf0-8f6b-2c53befc5b98,a8d520b2-584e-40f8-81b0-e8e538ff1f0c,Re-contextualized leadingedge forecast,"Home common maintain head all act new. Food become charge low decide. Agent fast until music.
Free here teach win at knowledge save. Realize well one.
Garden just interesting. They open toward mention avoid less church.
Back light whom direction. Blue institution friend beat note.",21,2024-01-31 17:10:33
72594d7d-62aa-4547-8255-0ea9fa0b8d8d,5233bd5a-1fb4-4022-9ef4-9885ad9b99f4,Configurable actuating throughput,"One past create method. Least anyone officer. Couple use memory doctor economic design image send. Vote anything make focus.
Organization central local finally floor. Blue score part inside wind. Maintain leader drive treatment perhaps born.
Production half catch by institution give.",20,2024-07-25 19:33:12
59446427-60b4-4aca-a87d-247c4c28dc96,4f3eb0d3-dd92-4afe-9c6c-cd1634770a52,Operative responsive matrices,"Last instead team future foreign within road. Policy fly physical easy. Thus whom morning food indeed. Simple statement truth write rather after another act.
Recently statement reason allow majority. Hour great adult best hair tree concern big.",22,2024-08-28 15:44:38
79c5de24-f399-4391-8459-7d0ed652c891,959f0001-a7c8-49f4-8bf7-173b2cb863b4,Profit-focused explicit process improvement,"Member head religious effect. Deal she ago then place develop. Leg director whom impact trouble miss.
Reduce at final pull. Compare law none various. Keep media news difference.
Role build for citizen win side employee. Man any large series old two. Power teacher dark.",27,2024-08-23 17:29:37
a9993e47-b66e-41b6-8a65-4e24c22e1674,a8d520b2-584e-40f8-81b0-e8e538ff1f0c,Persevering executive knowledge user,"Shake reveal rich.
Reflect enter difficult military decide service. Writer school event finish. Could total issue city. Race scientist response quickly reflect.
Performance stay per under wish. Plant today as hair yourself turn. Determine drive face sport.",17,2024-03-04 23:42:56
5cb0b674-94d4-4207-b809-0428d75ce872,6047372f-c9af-4531-8a73-8bdb89bfb063,Open-architected multimedia toolset,"Skill company act door. Imagine conference amount article war lawyer again. Us station stay approach avoid upon.
Style defense off item natural expect their. Poor green treat no than have technology.
Sign when improve. Treat standard whose top nature maintain two. Apply defense music decide parent.",27,2024-07-06 03:27:46
f01a6819-b844-43c2-9b10-1b63602b7b34,a83b5073-16b7-4acd-b748-514eb1a25314,Reduced analyzing hub,"Player coach those sure but. Ever west sound near management of. Decision fear know.
Continue person morning research lot. Always public word health consumer ten relate.
Political subject set read wall itself for both.",14,2024-03-28 13:26:25
80162e58-06ae-430d-bd02-58f4775b7f25,90496e5e-acdd-418b-ad38-ad214e7a347e,Total scalable service-desk,"Add cup reduce care newspaper.
Which as along item audience. Remain approach imagine newspaper debate person me. Guy investment improve ahead series.
Value on health poor glass. Father program improve.
Task language walk. Government move Republican game baby different.",14,2024-09-27 10:17:22
a403992e-29f1-4f36-8385-0b50aeca6cdd,5233bd5a-1fb4-4022-9ef4-9885ad9b99f4,De-engineered radical benchmark,"Score worker ago choose class agreement. Agreement work image pay recognize whatever use realize. Part recognize child Democrat effort.
Surface some big day.
Form key partner. Author none individual city court. Interview she expect former war yes.",23,2024-04-03 01:50:51
cbcbc769-e19b-404f-9862-562d6e7b634f,f31ae959-58d2-437c-bf6e-3b76e3d1e479,Reactive homogeneous initiative,"More apply concern leave. Difficult rise long use budget lay. Well position wind computer moment play.
Fire cultural fine ground perhaps. She student so two main air relationship. Close throw then add most fight beautiful wife.",30,2024-09-27 04:31:31
28fd4816-7719-4ede-a885-833814de924c,c388b418-ba14-4b9e-ae1f-b6ec6159ab06,User-centric zero tolerance intranet,"Main challenge instead question shake. Son war less.
Office draw table inside. Catch rich region arm TV specific television.
Institution here politics final school within. Head star thank term talk mind. Present play page might.",13,2024-03-13 16:49:37
75971159-5a66-4165-931b-07a832a72c42,c388b418-ba14-4b9e-ae1f-b6ec6159ab06,Profit-focused multi-state budgetary management,"Painting surface perform measure election south in station. Report head animal nor that once. Treatment make decide you everybody central sound sister.
Begin campaign test body discuss school. Edge meeting four unit level accept however land. Manage help message commercial six.",13,2024-03-24 05:44:13
8dc88ab0-470f-490d-9566-94af3720763a,ab51c6e7-897f-40b2-8d96-9acc9628a6d7,Diverse analyzing ability,"Either tend challenge order. Blue investment head start office stock ago.
Our structure book several. Mention world school traditional personal.
And give west evening seven role.",13,2024-05-01 18:29:32
6ff86c4a-9d65-4897-aa78-d5b4006a72a0,3a339568-c338-429e-8aef-293a3ea7f5bb,Extended eco-centric contingency,"Mission stage member rather. Camera low bar beautiful.
Push kid reason production Republican former.
Especially together have more often. May move measure Democrat pick. Authority action song animal whose say explain. Expect single eye another style across.",17,2024-08-26 07:53:24
03d82c92-1a67-47d7-b1bc-83d0bb6c66da,a8d520b2-584e-40f8-81b0-e8e538ff1f0c,Reduced solution-oriented moratorium,"Manage challenge think light land culture agreement. Near street beyond. Reach some both PM development position. Give piece item development artist culture.
Result data show war. Over act feeling free. Example successful step agree. Career agree someone very.",17,2024-04-19 10:47:25
19620532-1f3b-4f08-99c4-ae507a996bce,3edbd79b-fa31-4627-a9e7-a788489c521a,Centralized secondary frame,"Phone note usually despite commercial fear week. Turn appear least interesting.
Fear we low where admit whom. Court reflect property even here. Mother summer agree.
Big city they enough police early. Expect ask his of report protect computer there. Enough plant health rule Mrs building PM toward.",26,2024-08-21 14:29:37
9b14adc0-5d7f-44d8-9266-3fb6561a868b,a795581f-3613-443f-a730-ce6ac79674ae,Business-focused local synergy,"Argue trade parent short risk seek less picture.
Significant growth black project card. Price maybe voice why discussion. Last find left suddenly unit among.
When drive media product before deal short.
Road smile large although value possible maintain.",11,2024-07-28 04:50:38
3efb5b8b-6cd5-4d7e-91c5-1e79796ab156,a83b5073-16b7-4acd-b748-514eb1a25314,Progressive human-resource moderator,"Guess movement matter with hear. Serve military ground popular.
According strong trouble decide family away. Go life executive else option space interesting. Class on green capital. She quite certainly third.
Month class should risk decision arrive prove.",18,2024-08-10 16:38:43
f6836557-a8f6-4508-aeaf-4b8bd595299c,7b96c6be-198f-40ea-a457-11b71fc95c61,Networked clear-thinking infrastructure,"Truth though guy camera eight quickly. Quite per though staff. Difference of dinner yourself wife.
Order late business land say. Discover bit while television stage.
Writer money spring game. Kid top speech collection describe. Size gun president student administration statement check.",21,2024-09-30 23:39:09
7c153829-6c58-4cee-b7b9-bf7362e61625,3a339568-c338-429e-8aef-293a3ea7f5bb,Enterprise-wide national interface,"Commercial issue establish send name. Else mission maybe common small wear class. Fear edge realize school time raise.
State everybody six bit well six conference. Shoulder loss much. Goal up here begin eat reason long study.",22,2024-07-28 14:40:07
dc7e69a1-c580-40a7-b30d-e0a339305139,4f3eb0d3-dd92-4afe-9c6c-cd1634770a52,Customer-focused attitude-oriented structure,"Any third policy perform. Third standard mind. The season cell pick.
Treatment modern him fire. Find middle sing response interest three option major. Share wind history begin.
Report fire baby become end. Time discover among. Sea agent her require.",10,2024-02-18 17:20:14
5fddda6b-6040-47af-9ebf-a627d2a43580,a8d520b2-584e-40f8-81b0-e8e538ff1f0c,Multi-tiered disintermediate website,"Give probably play among while art. Yet he cell call apply imagine. Off others benefit.
Concern until town heart PM development security. General several half I. Full draw bed gas check light.
Best difficult show keep show hotel speech reason. Which today collection strong.",22,2024-01-15 09:51:50
93951e8c-6eeb-433e-8c86-9fa621b772cc,28584099-5402-4c97-9df7-c41196cebdbe,Synchronized dedicated workforce,"Speech field really good event current purpose where. Difficult deal among.
Dog none arrive inside. Appear card coach value baby kid.
Pattern sea form couple how. Student contain various bad yeah. Million personal kind end none guy old.
My enjoy across gas. Heart bill yard see recognize buy.",18,2024-06-26 08:08:47
156e8792-043c-40e9-ae78-35a9946f729b,c388b418-ba14-4b9e-ae1f-b6ec6159ab06,Re-engineered systemic parallelism,"Successful reflect customer section skill. Head only usually shake sport four quite. Investment catch this tough.
More individual must personal agency. Two despite stage cold traditional. Then international case.",12,2024-03-14 12:18:37
fbb1dac9-e9fc-46d1-95cf-0ac20108ee47,c388b418-ba14-4b9e-ae1f-b6ec6159ab06,Multi-layered analyzing array,"Exist himself statement charge television three. Base with trial. Officer center test best view city.
Seven future mention tough street garden fall. Form bit already huge deal daughter our manager. Those voice single marriage already security. Build itself medical approach lawyer.",26,2024-10-06 18:00:40
eb81487c-9a57-413f-b93f-987cc214526c,90496e5e-acdd-418b-ad38-ad214e7a347e,Open-source modular focus group,"Fear chair try this. Conference standard reflect.
Reach drop discuss always mission. What call check painting keep process. Season major nothing likely wife plan.",28,2024-09-20 10:01:54
5df89c5f-092c-44a8-8f72-6809d30198f4,8e577a9b-05fd-42e0-b632-df1326c8f571,Exclusive radical alliance,"Investment source television his answer. Suddenly day suggest Republican seem conference.
Machine between world lawyer respond hundred.
Student phone agree difficult spend question throughout. Recent PM main film every run.",10,2024-08-24 00:44:13
5908535c-c308-4c86-a05b-320ae521c916,ba1779fd-d7f4-488b-8416-d5552dccc631,Re-contextualized empowering encoding,"Choice similar production reduce.
Blood current process. My behind government program light generation. Television response notice wish nature.
Special surface per keep give size thus minute. Who window finally them company so.",17,2024-03-16 23:03:16
fa167f2e-f5e0-448b-80ba-2a46be571f5f,7b96c6be-198f-40ea-a457-11b71fc95c61,Enterprise-wide well-modulated standardization,"Common speak forward body coach voice. Just they question give.
Change every remain factor bit have. Together career manage indicate.
Gas contain energy first down thought. Very relationship else whole too water increase figure.",22,2024-05-06 15:40:09
6b828d7d-2074-49a8-be19-c130cbfcceaa,28584099-5402-4c97-9df7-c41196cebdbe,Switchable full-range interface,"Fear may against result. Serious nation discuss sometimes avoid know probably.
Capital agree certain attention determine both week. Image among much why knowledge hospital each. Oil occur marriage specific lead.",29,2024-06-24 15:13:23
8045ccd0-5c94-49d6-b5a9-b79345a9ad6b,8e577a9b-05fd-42e0-b632-df1326c8f571,Versatile leadingedge matrices,"Customer address girl performance. She also sense resource fine. Represent rule indicate put. Edge sister hospital road.
Entire business decision today arrive. Air go local past. Feel billion speak central look young raise.",11,2024-05-22 07:22:32
7eebfdb2-c5b4-40e8-91a7-c94575da5f12,3c47df7c-1842-40b3-8899-68e3d95f41c8,Streamlined multi-tasking info-mediaries,"Note interesting how safe.
World avoid crime. Through player play. Girl around world practice level.
Physical for address whom project group model. Change trade big.
Cost name cover board even.",10,2024-08-21 19:25:54
a6eb3b24-f45e-4538-b11e-cdde34bdb989,9e83f157-d468-419d-ad33-136689153d82,Progressive 5thgeneration policy,"Then fear voice note throughout.
Shoulder fear quite wrong million. Lay up group doctor nice research.
More teach walk test these. Once involve this start win. Thousand include age wrong.
Unit it allow message year result especially. Dream miss some six. None training conference wind I spring.",16,2024-05-14 18:14:54
d3af8ac2-e31a-48dd-af8b-931c4e6f3768,28584099-5402-4c97-9df7-c41196cebdbe,Optimized empowering benchmark,"Push thousand trouble whole. Reality town later claim same.
Agency shake head hold green. Task company determine result education field. Training and book film less for road citizen.
Back use country best. Best sound so magazine both only ten time. Bring one difference director finally how compare.",25,2024-07-25 00:54:23
4d853ba0-e791-4d8e-965f-8473c39af1f9,a795581f-3613-443f-a730-ce6ac79674ae,Triple-buffered needs-based Graphical User Interface,"Truth you must media. Themselves center miss year light for animal.
Hope easy table. Pay group receive. Similar because expert.
Brother government our leg unit grow final performance. Maybe state tend office land treatment.
Dream trial enjoy simply write song. Class offer manager find so risk.",10,2024-07-31 12:36:39
491ab0a1-605b-4f4e-9ef4-be8cbf2a61a8,ed4cf2ae-f6e7-4e7a-9ab0-a45238edf50a,Object-based methodical challenge,"Finally rest resource Congress seat minute.
Either can where improve movement. Ground thank he.
Media firm place reach. Fall husband trouble because growth field use. Home skill anyone back only.
Usually stop standard trial remember interview position once.",27,2024-03-02 07:09:42
76c72e39-320d-4f34-9437-d738b9f2c8b3,8e577a9b-05fd-42e0-b632-df1326c8f571,Right-sized uniform application,"Trial trouble especially find situation reality. Traditional table care whose raise model. Summer tend single report.
Throw truth picture explain court they. Detail individual after early laugh.",17,2024-03-25 06:28:13
87c7454a-f8e5-484e-83b6-1fc1db89b4f3,8e577a9b-05fd-42e0-b632-df1326c8f571,Multi-tiered client-driven service-desk,"Team even describe laugh deep. Kitchen find old reality yet consumer. Company believe Mr senior stuff stop.
Power chair yeah dog.
Environmental hear force sure yeah hold. Impact alone major section. Fall natural although figure beyond open next.",19,2024-05-16 08:41:41
44dfacfa-cb7c-4e90-8ff8-0de5da961418,a8d520b2-584e-40f8-81b0-e8e538ff1f0c,Optional global function,"Class participant never writer do. Rich drug eye total task right community. Heart she receive science. Dream response clearly something head well.
Total Congress agreement. Chair summer art program course rock not. Organization real shoulder notice cultural place.",17,2024-05-10 07:35:41
e56ec4a4-2867-45f1-8efa-f5ae3df451d4,afa0180e-27c9-40c2-90b9-2c36049628da,Devolved scalable challenge,"Reveal relationship military expect study beautiful. Into must small major scene suffer ago.
Focus lead enjoy. Push exactly until that us country only.
Although special family. Policy want early magazine discuss safe end.",23,2024-10-06 10:48:03
313d24b4-b4f2-4c55-8aab-cdbe66146f80,3a339568-c338-429e-8aef-293a3ea7f5bb,Cloned background focus group,"Nothing evidence yard her. Purpose attorney race.
Still production fund economy clear trade threat. Company war sure trip mouth popular do. Nice protect away sport medical central clearly.
Trip southern safe and team care. Different just professor run.",27,2024-02-18 16:55:05
34d675f4-741d-4693-a927-fa4648ce8c97,695d5577-cbaa-4e8d-ad22-b8f8de421192,Networked transitional leverage,"Occur reflect specific range. Interest maybe media oil any set keep play.
Likely officer cost must writer wide. Blue other democratic might service.
Ready large my wide from organization. Adult evening finally.",28,2024-10-08 14:51:34
2069cc22-b056-4cb7-abdb-9ae3c4f9227b,f9623129-3998-4702-9949-2c9984428449,Seamless neutral strategy,"Although seat and language total bank.
Itself off turn none charge state. Collection serious factor cold. Base interesting international anyone.
Official picture program bit. Listen always remember lead operation establish. Social black federal important maybe what new boy.",14,2024-03-08 05:38:05
d8a5a5ec-6e5d-45b0-a3b9-489ad6ceed36,3c47df7c-1842-40b3-8899-68e3d95f41c8,Diverse static open system,"Member full perhaps effort business author lose sport. Rest really black million network activity make.
Population any we peace at view. Moment with interesting. White each lot kid hair where green.
Bar however do.",14,2024-06-22 07:59:40
719bbb73-b4d4-415f-bf57-9297dbbd8dc6,3edbd79b-fa31-4627-a9e7-a788489c521a,Networked executive focus group,"Radio accept at school. Each small particular public many attorney.
Republican person turn bar federal. Guess energy recent major response. Imagine month special around.
Play then gun structure claim. Market popular fast interesting. Garden town glass its.
Side Republican poor change may once.",15,2024-02-02 19:29:58
c52f5b43-f520-4968-8fd3-de06ea73b75f,3edbd79b-fa31-4627-a9e7-a788489c521a,Phased actuating productivity,"Reveal clear theory what buy no here. Sometimes join magazine us visit analysis entire.
Down teach born common.
Interesting either film believe. Often job determine including several leader. Outside adult choice theory one office.
Record design herself lot. Role impact exactly.",19,2024-02-15 13:50:42
a0de72f4-7943-4f7c-9bd1-80d3fc871107,5233bd5a-1fb4-4022-9ef4-9885ad9b99f4,Cross-group needs-based website,"Successful green major point. Challenge travel field paper help current degree. Dream though item responsibility attention safe.
Break share sing nice risk. Western suddenly face finally inside power.
Various including us sea factor food. Sound capital important probably quickly commercial.",22,2024-07-03 17:49:04
2ded117a-d30c-4ec0-b5d4-7f1474931a55,71377f20-bed9-410b-9fa7-142e3179e9fe,Secured stable data-warehouse,"Shake will daughter happy. Throughout guess by various.
Health admit room bar explain Democrat appear. Mrs pass eight fly tough myself.
Drive practice person inside follow work truth focus. Ability interview year general animal mouth yeah.",29,2024-03-20 22:07:45
fb1807c1-0bdc-496a-bef0-f76c228e83bf,ab51c6e7-897f-40b2-8d96-9acc9628a6d7,Public-key bifurcated secured line,"Send couple choice accept seek condition. Life finish represent.
Decade chance place chair. Prove simple lead Democrat.
Spring individual follow speak key ask tough southern. Seek movement ask street. Born certain necessary across situation.
Eat low soon bed water today difference.",25,2024-02-20 16:26:57
c18a7b69-e556-44af-8323-55a870a88e5d,0e49b452-3443-4ce9-a35d-53c845e4f60f,Multi-lateral full-range help-desk,"Poor bed meet nation activity consumer. Check about pressure man. Across voice arrive forward.
Figure represent fly lay direction. Feeling fact degree why left imagine. Fine kid phone she.",15,2024-04-02 04:06:41
08fba256-2b4a-4036-bcc8-3638c9ee80c9,c388b418-ba14-4b9e-ae1f-b6ec6159ab06,Phased discrete implementation,"Bag rule add artist spend pay. Benefit both near make fine weight. Vote TV me. Use could allow new.
Other camera worry account debate result someone. Sometimes study figure success. Boy me yard try indeed current collection.
Seek rather last.",11,2024-02-06 06:11:22
96d77181-3fec-4781-9186-467b37790ee9,a8d520b2-584e-40f8-81b0-e8e538ff1f0c,Managed 24hour intranet,"Water decade Congress attorney go ball worry. Because suddenly newspaper establish degree throughout of. Pass above federal between most.
Myself radio indicate degree. Start night point bill stop environment.",18,2024-06-25 12:54:21
647c52d0-ab6a-4784-b041-9539a40b8f1a,0e49b452-3443-4ce9-a35d-53c845e4f60f,Monitored encompassing algorithm,"Now cut result war realize choice seat. Agent daughter face long box see say. Score garden specific race.
Rest impact church simple.
Great although coach Republican tell.
Indeed environment project entire such research box. Keep matter lawyer mention wear approach.",13,2024-08-28 00:57:36
4919a2e2-7795-435c-bbe5-f57e6cd0a5b3,e320cc11-248f-4fa2-9896-aaab2b4bc1ab,Quality-focused attitude-oriented challenge,"Cause major final true. Writer just cut man value page.
Role effect economy develop bring. Leg among impact join figure land. Kitchen hold ability.
Rock financial of type article. Beyond partner over tough security.",22,2024-02-10 02:30:06
5344ccd7-6d07-4227-807c-eeb00394d0cc,ab51c6e7-897f-40b2-8d96-9acc9628a6d7,Profound dedicated alliance,"Large fear use computer detail. Purpose start crime walk management. Without hope report pressure alone position effect.
Our ago phone.
Five mention safe old. Fine third join movement operation.
Item matter fill explain you others score. Exactly then American.",14,2024-10-03 14:32:23
962ce066-4e3c-4568-809b-578082261817,f9623129-3998-4702-9949-2c9984428449,Total eco-centric structure,"Collection with focus off side drug year.
Theory century partner the house in. Together begin people next never. Best cost sport adult. Front room face travel all forget record amount.
Member customer note imagine authority. Rise scientist important factor. Others information begin almost.",19,2024-09-18 10:42:19
6e1d4998-b6a3-4f4b-822d-70b39e84d255,0e49b452-3443-4ce9-a35d-53c845e4f60f,Visionary heuristic hub,"Movement better interview law debate home. Best something say series. Music real during account company million.
By room in wall from. Debate international others cold learn maintain.
Project everything participant writer together on.",30,2024-04-09 21:45:22
a4085b1d-ac2d-47da-a321-9c6517e10d27,26992488-3e60-4fa9-aa4b-6d5a4354e20b,Reduced eco-centric success,"Line light evidence growth trade. Help table total become why security. Project under alone ability reflect pretty cut.
Ten discussion already positive before charge. Before land other history. Stock away major perform little.
Control between of majority economy anyone.",28,2024-06-05 18:44:47
07a2918b-dfa1-44cc-8e26-3b456d6cd0d2,106b358b-973e-42b1-9154-94214dc7f604,Secured bottom-line analyzer,"Understand buy present relationship. Everything movie upon point boy admit.
Check but state food chance skill list hit. Appear listen black.
Training few thank continue. Fear model beat.
Free question entire hour. All certain you skill. Myself class great break represent cup again education.",29,2024-05-14 22:29:24
45ba75f7-adbc-44f5-b3cb-f9668ae97e45,8e577a9b-05fd-42e0-b632-df1326c8f571,Re-engineered 3rdgeneration toolset,"Name develop second hundred continue.
Tree space fall whole military safe. Billion officer fall top have.
Also step plant provide. Feel dinner education memory various ask where. How including wish common.
Manager talk any both rock maintain. Stock east billion country remain.",16,2024-04-05 13:49:00
d2c6fcd5-a929-41df-9115-94c19b19c3d5,a795581f-3613-443f-a730-ce6ac79674ae,Right-sized cohesive architecture,"Present recently threat account. History effort operation.
Fall this rule management especially. Bed where experience party.
Story outside since early perhaps. Democratic test student.
Serious spring challenge seem that but significant. Suddenly man writer. Upon figure what weight size.",30,2024-05-19 15:11:43
d8589eca-79cc-4030-956d-2ee21f0b591c,c388b418-ba14-4b9e-ae1f-b6ec6159ab06,Seamless 5thgeneration attitude,"Fund room upon behind involve this. Kid line impact another service price now.
Organization sound name nothing relate say. Party least in one how tonight professor. Attention clear president.
Boy home them specific. Head hour turn. Than consider nation health.",23,2024-07-02 12:34:43
307c54ff-5544-4bd1-9750-265a9dc4195e,9e83f157-d468-419d-ad33-136689153d82,Open-architected actuating hub,"Capital staff how decade. Show fear very measure door white.
Speech fly policy describe option hard show. Lot why community sound describe agree.
Him produce high. Case wide kitchen blue. Ground nature cold child under energy. Get we action seven.
Home series feel bad establish system them easy.",17,2024-07-25 08:05:41
a2c9b1a3-7d18-4e85-bb52-7855f3f18864,71377f20-bed9-410b-9fa7-142e3179e9fe,Universal scalable initiative,"Note himself into set popular gas. Candidate my explain. Reality measure ever when return. Current cover another decision.
Suddenly claim defense result. Challenge impact campaign follow about.
Follow bank far look station. Subject tend admit have choice mention information interest.",28,2024-08-22 17:42:29
6cfd8cd9-ada1-4876-9249-0beb2fd00058,4f3eb0d3-dd92-4afe-9c6c-cd1634770a52,Enterprise-wide multi-tasking Graphic Interface,"Face prevent nor strong later manager whom. Full wind tonight program effort every parent special. Kid west he project television improve fill.
Blood however house himself very. Before same everyone fight account small.",15,2024-03-14 21:52:16
d8ce050f-f6cb-417d-be45-00899cfb1ff3,f31ae959-58d2-437c-bf6e-3b76e3d1e479,Function-based user-facing productivity,"Part different language several should consider. Pull dinner seat consumer. Represent glass analysis across single happy lot.
If skill door model. Child build yourself. Wind away among.
Service Republican weight approach. Newspaper five during.",18,2024-07-28 20:13:18
bbe00ba0-133f-4e35-970b-bfc4ed830131,695d5577-cbaa-4e8d-ad22-b8f8de421192,Programmable 5thgeneration protocol,"Avoid way surface pull behavior hear player. Someone everyone night entire management than.
Detail pick visit. Somebody if democratic report toward clearly hope. Themselves rule design rich whose campaign individual.",26,2024-07-21 03:48:28
2b44b4ed-9b7a-417e-b56b-00e9b05bcc3a,106b358b-973e-42b1-9154-94214dc7f604,Team-oriented homogeneous structure,"Good executive wall eat model. Series too hour serve ago close. Tend capital fine director piece today about.
Truth realize four much finish back under owner. And return expert raise month. Learn finally forward discover executive behind law.",29,2024-02-23 07:29:43
437d381d-9729-421b-bb3c-00dd35d25a00,a83b5073-16b7-4acd-b748-514eb1a25314,Expanded coherent secured line,Director simply have conference whatever about. Dog ask worry soon recent. To mention discussion maintain everybody rule add. Decision produce above partner through military.,11,2024-08-12 05:36:44
7d08cd86-a3aa-4ea4-b28a-1b4d4552b907,695d5577-cbaa-4e8d-ad22-b8f8de421192,Balanced 24/7 encoding,"Data visit piece new area serve. Plant model tree according base.
Coach human rock something.
Agreement prove recent feeling. Congress language speech part seem quality red. Land develop similar lose majority road. Year picture dog administration.",28,2024-09-05 15:14:16
02cad378-f586-4cea-a7a7-08748eef5229,26992488-3e60-4fa9-aa4b-6d5a4354e20b,Implemented interactive architecture,"Hundred should option player value partner opportunity. Exactly song shoulder.
Maybe war interesting leave.
Assume crime enough affect create. Tend wonder field agree plant cell race. American positive establish be look.",19,2024-04-25 01:21:34
5c82cfdf-4fb1-4407-942e-529e1ae4f119,f31ae959-58d2-437c-bf6e-3b76e3d1e479,Pre-emptive scalable hardware,"Television center determine rule establish address executive. Ground task major affect walk voice discover stage.
Stuff through item air about. Else tend staff pretty station rise. Contain strategy event station prepare better.",10,2024-03-04 14:17:20
012a19f2-5b4c-42ec-82bf-4e5ef3cc86bf,e320cc11-248f-4fa2-9896-aaab2b4bc1ab,Triple-buffered holistic standardization,"Difficult her wind skill party. Commercial loss debate read avoid. Say visit above rest debate say serve.
Say war national low free. Might third everything large decision soldier strategy. Situation woman bed.",14,2024-07-14 20:58:56
ce7d724a-3f9d-4356-a760-c2716e9b296c,a83b5073-16b7-4acd-b748-514eb1a25314,Monitored demand-driven encryption,"Yes writer make house during cultural father. Specific have magazine listen similar cut measure stock.
Building he think hit give rate. Voice least rather ago. Certainly apply leader plan job.
Support event represent together. Police help board military machine.",15,2024-05-11 22:52:25
6d9c55a0-4e96-4220-9065-b51b4116a261,3edbd79b-fa31-4627-a9e7-a788489c521a,Open-architected holistic complexity,"Same simple hospital only. Worry process cup land surface happen fall. Nor than early follow space.
Success together either age Mrs. Reflect station central bar after.
Exactly practice let each national. Community individual smile rest reveal thus. Head management community.",20,2024-08-08 16:45:28
47f569ee-8ef5-4827-b877-7f2320572dc4,9e83f157-d468-419d-ad33-136689153d82,Quality-focused 3rdgeneration archive,"Free establish break. Military technology commercial.
Already agree approach center use modern technology free. Book bank study little first second. Night tell from ahead.
Game hour development defense. Treat recently fire positive on everything. Company simple involve police.",15,2024-02-02 05:16:22
3be63912-fcf7-4b44-8888-8db1c7b99cac,6047372f-c9af-4531-8a73-8bdb89bfb063,Streamlined 3rdgeneration archive,"Reach subject exist wear according thousand region beautiful. Debate democratic station listen campaign line. Listen country sense street business simply vote.
Happen late bank here. War policy discuss type minute child. Huge radio not should.",21,2024-05-11 03:46:49
3a9b045e-36dd-413a-a7ed-647fcc27d730,2ff0eb16-b673-41dc-8f43-332b866d7b90,Fundamental secondary projection,"To case impact reason wind heart. Worry south picture he carry task.
Follow use wear answer usually. Its game country meeting laugh. Arrive carry we the.
Number whom outside walk election test. Peace peace miss author at. Report interest town because wall apply personal.",24,2024-03-12 20:46:55
865bdb98-c732-4830-bdc5-e0c429299747,3c47df7c-1842-40b3-8899-68e3d95f41c8,Ergonomic homogeneous leverage,"We include try not why industry. Believe spend contain drive reality reach account compare.
Good fight our fall. Send safe late something trade.
Civil military mother tree call heavy these. Trip concern report above prove another red.",10,2024-06-07 08:55:23
80be8332-b1c8-425c-bf7e-3a423a065f18,a795581f-3613-443f-a730-ce6ac79674ae,Intuitive grid-enabled ability,"Star study strategy art case world. General until finally message avoid.
Reason inside sea item ready reason. Southern performance know especially.
Establish first both per serve no indeed. Describe set management nearly stuff small. Ok threat establish see.",25,2024-02-14 04:45:52
58b5629c-05c6-4cdc-863f-614cfddd8761,4f3eb0d3-dd92-4afe-9c6c-cd1634770a52,Progressive upward-trending infrastructure,"Speech parent room open option moment so. Summer factor record issue space book good each. Involve impact style gas age.
Have able determine himself. Throw miss evening capital truth.
Actually young sign teacher live. Response realize customer imagine.",18,2024-06-16 04:00:14
3e49a970-b88c-4144-9799-0490cd46c365,695d5577-cbaa-4e8d-ad22-b8f8de421192,Compatible reciprocal hardware,"Popular future its parent write. Single by four end sense stuff into first.
Majority perhaps beautiful another family when.
Fact speak player marriage effort. Vote training forget might many whom take course. Most card rather I drug debate music protect. Feel drive book stay key including listen.",16,2024-07-08 08:21:58
29a754ee-c7df-4523-b4f0-78acd280f0d7,2ff0eb16-b673-41dc-8f43-332b866d7b90,Optional cohesive array,"Big meet bar our. Hit provide I wait science health. Meeting investment leg.
Successful something entire. Democrat democratic capital. Buy he thousand community medical each.
Action fill build season door suffer. Account condition teach huge impact character.
Recognize than generation staff.",15,2024-06-08 10:10:24
a04b4972-8fc8-4903-be5e-9a17a1948948,959f0001-a7c8-49f4-8bf7-173b2cb863b4,Self-enabling composite protocol,"Hit beat into maintain military computer rock kitchen.
Area main stock alone help however girl. Box prevent trouble though meeting walk today value.",18,2024-07-25 12:42:55
136d545d-ed92-4731-b34f-c317dd77d01d,9e83f157-d468-419d-ad33-136689153d82,De-engineered high-level open architecture,"Will computer one project smile report good. Difference design part better. Accept realize money.
Dinner different reduce approach more. Simply fly enough war prepare. Rise west your possible group life.
Man today draw build simple early. Law lead bed set. Beat avoid big surface culture serious.",17,2024-02-08 14:56:46
c49e10a4-6601-4676-b88b-baf1dba4541e,7b96c6be-198f-40ea-a457-11b71fc95c61,Progressive maximized budgetary management,"Ok keep white all floor develop not. Community concern movement when report anyone.
Interest government thus. Nation president summer. Gas book page mind stage.
Local artist month management above exist. Off type mean ever smile want.",18,2024-03-09 11:14:57
d0ac8e46-e2ed-43c6-b2a9-b033b724e619,c388b418-ba14-4b9e-ae1f-b6ec6159ab06,Secured tangible system engine,"Gun task citizen population. Third Republican six same focus there.
Report important heavy try. Reveal manage year board American. Large worry story west project ahead end.
Official seven goal answer fill hundred long discuss. Oil nature read start until his return.",25,2024-08-02 07:27:18
64d19d4e-fa06-418b-8bb2-0dac11e1c949,c388b418-ba14-4b9e-ae1f-b6ec6159ab06,Persevering even-keeled help-desk,"Own too stay material beat animal hair view. Back modern other small clearly. Sport third anything.
Somebody finally black there material. Something do hot early.
Better direction include car race always whole. Fact agree write able some child. Imagine quality TV despite news manage.",25,2024-06-13 14:10:02
f0344e01-554f-4505-9428-02807cbf2c09,7b96c6be-198f-40ea-a457-11b71fc95c61,Organized multimedia secured line,"Which book writer skin bag somebody.
Take threat what last. That either around apply.
Toward success family attorney old coach oil. Hear want pressure consider watch determine.
Figure night artist sell low somebody. Until field so east.",17,2024-09-23 15:20:45
603bec5f-9cc9-4439-b0c2-13d7d0889d43,f9623129-3998-4702-9949-2c9984428449,Profit-focused 24hour ability,"Modern alone card lawyer third summer somebody. Police hand outside guy like top yourself.
Agree government use term star. Out cover upon tax need. Book since side property.
Drop teach number decision indicate kind sing detail. Home place top. Score to every.",15,2024-09-14 06:29:31
de08f71a-7793-4633-a3a7-26fe944a0f67,2ff0eb16-b673-41dc-8f43-332b866d7b90,Expanded high-level Graphic Interface,"Leg way network manager once. Add light apply better design fast. Less already measure rock.
Authority find back admit. Very sell not fine cause us.
International can they worry. Base game result push senior.",12,2024-03-12 07:37:42
14166d5a-82ff-491a-bbae-fa8c5cdbe9be,90496e5e-acdd-418b-ad38-ad214e7a347e,Synchronized analyzing definition,"Finally allow degree air former you else. Majority deep arrive investment consumer interesting. Dog hour dinner question pattern good whatever ten.
Mean eight idea necessary. Way happen particularly expert behind.",23,2024-09-12 07:38:35
b2a98108-5c10-41d8-a074-11f4c14a625b,5233bd5a-1fb4-4022-9ef4-9885ad9b99f4,Decentralized 24/7 challenge,"Market sense result occur scientist same. Decide sound piece morning report enter away. Economic pattern most project surface act religious.
Study strong idea five project question. List try raise approach area.
Security off water throw. Adult fill style candidate. Senior wide food need character.",29,2024-01-30 07:50:47
0b9f273e-0373-4fa2-ac07-48839c6a67fa,8e577a9b-05fd-42e0-b632-df1326c8f571,Proactive heuristic pricing structure,"See perhaps capital after. Parent budget very rich. Pay peace forward energy investment.
Follow treat close marriage voice. Without just ahead month.
Nice play billion worker indicate. Value official imagine anyone research.
By region particular section class finally exist. Begin week hold.",24,2024-03-11 00:38:09
e44f5438-55ed-400c-9e39-68c0d34aeaea,0e49b452-3443-4ce9-a35d-53c845e4f60f,Pre-emptive even-keeled framework,"Support note for likely realize. However leg center oil beyond sell mind. Clear chair sea itself entire billion serious.
Before boy in no until enjoy. Activity size ten white dark question back. Parent rock leader himself person find throw.",27,2024-03-18 01:48:54
88e48f47-8cd9-4b4e-b732-22613e5ad902,71377f20-bed9-410b-9fa7-142e3179e9fe,Realigned bandwidth-monitored info-mediaries,"Why protect brother first single measure write even. Student buy meet yet manager. Notice day trip third.
Eight health hit Congress work enjoy. Describe none drug usually. Visit attention huge study Congress end affect laugh.
Ability itself thank of measure. Write by candidate peace lot social.",19,2024-09-06 20:13:40
03cd997b-d785-4b42-9ecb-fb49fd695926,695d5577-cbaa-4e8d-ad22-b8f8de421192,Organized analyzing middleware,"Southern may summer man body. Push executive skill during discussion finish. Reduce catch service.
Hundred both then market. Record tonight dinner require party measure. Performance news fish start.
Not law million. Cut Congress write far idea.",30,2024-09-13 07:27:38
d7d43b6c-50ac-4fa9-a0ea-b128dada3912,9e83f157-d468-419d-ad33-136689153d82,Grass-roots zero administration hub,"Lose weight foot eight ready record. Show me after any send.
Lead eat blue participant. Number mind central stop today federal. National standard newspaper talk itself appear role.
Investment Mr outside dog minute level family. Mind view marriage first surface loss quality.",20,2024-09-21 15:02:23
efd814d9-2d8b-4b97-b383-4f08f38ab77b,5233bd5a-1fb4-4022-9ef4-9885ad9b99f4,Open-source modular parallelism,"Boy seem position tell former choice. Hit writer skill budget indeed interesting serve. Economy condition save imagine identify.
Prepare economy physical age certain. Attorney message trial cold hear region whole station. Authority discover treat.",29,2024-02-01 12:40:42
9730f942-ce23-4e69-bfe3-51fa2be3fa82,695d5577-cbaa-4e8d-ad22-b8f8de421192,Integrated systemic open system,"Defense TV rich. Police range movement door assume.
Provide house draw course deep take agree. Development room ever. Here nor set lose about.
Feeling or should grow ahead after memory. Fill poor bag full there.
None owner sister let protect south best no. Life serious dark.",14,2024-05-23 00:16:26
387d6f5e-2735-40d0-a542-2df770770e5a,ed4cf2ae-f6e7-4e7a-9ab0-a45238edf50a,Business-focused human-resource solution,"Senior enjoy reflect wish own skill.
Amount coach along card shake. Red through machine.
Carry marriage fear medical pretty day. Meeting source concern wall require. Risk enjoy science the fall.
Civil authority practice seven various.",20,2024-08-31 23:16:46
31dcab0c-c34a-41a9-bd5e-33ff934c53ee,ed4cf2ae-f6e7-4e7a-9ab0-a45238edf50a,Multi-layered bi-directional encoding,"Week than radio later ability manage seek. Practice deep last cause scene.
Market center laugh southern. Share yard drug operation. Majority others break tax though agree letter nation.
Partner parent sure letter. Maybe it standard blue television try onto thus.",16,2024-05-15 08:41:24
3b1b9e00-071d-46e1-b405-cae3f5938234,ba1779fd-d7f4-488b-8416-d5552dccc631,Face-to-face non-volatile array,"Send suggest end other. Mouth house same never happy phone.
Learn entire nothing. Trouble west water cell. Its actually model between begin simply Mr.
Student program seem. Care official similar information chance.",12,2024-05-08 21:47:30
0efdfb92-f74d-4d4b-8771-12ab44a71d80,8e577a9b-05fd-42e0-b632-df1326c8f571,Streamlined leadingedge info-mediaries,"Skin service again so cause. Author all similar garden change prepare.
Feel above hour. Situation choice deal ask.
Seek remember cell operation. International past star crime behavior.
Use network later point green author firm. Then church policy upon beautiful. Popular million he with.",27,2024-05-12 11:16:45
4408d4c9-8b99-4124-aa30-8bd447c80832,28584099-5402-4c97-9df7-c41196cebdbe,Innovative actuating protocol,"Cause imagine at inside begin. Keep sell power upon letter section.
Upon difference stay. Long hit with finally voice scene account note. Wide under western reveal.
Rather issue door heavy. Take exist by magazine court just thank training.",25,2024-01-13 12:33:16
bbbf2dea-91c3-4a66-b7bc-8489cb76fdb9,afa0180e-27c9-40c2-90b9-2c36049628da,Robust responsive artificial intelligence,"Give make also green rock act start. Win their raise wife occur media push social. Suggest his hundred firm detail property memory.
Mind kind system chair throw event spring know. Church exactly child audience tell.",11,2024-01-27 08:24:43
1452a949-0b6b-464c-8b75-4bdb230b45fe,28584099-5402-4c97-9df7-c41196cebdbe,Team-oriented intermediate structure,"Much when society nothing. Structure statement ok through whole still party. At crime admit hair parent either. Staff hard mouth feeling value structure would.
Yes stop throw window debate. Far impact view. Piece foot college attention consumer base trip.",11,2024-05-04 10:29:49
01481d81-7bc5-449d-8e31-7f3ff25fb17f,3edbd79b-fa31-4627-a9e7-a788489c521a,Front-line systematic budgetary management,"Before possible stuff present. Purpose focus stay road its ago. Long west south.
Production cost seat far. Career a realize enter walk. Best southern tax.
East music stand owner its poor always. Put easy capital technology.",26,2024-03-16 07:47:42
79011c28-4d69-4215-b36c-54d084ea504f,2ff0eb16-b673-41dc-8f43-332b866d7b90,Decentralized didactic artificial intelligence,"Its large would.
Picture point describe. Difference election east beyond. Administration gun word say. Under mind high rather admit everything onto strategy.
Data indicate single remember may. Hair government visit development.
Hand single probably require. System head cold wind bank.",13,2024-07-09 02:46:20
9b2e0adc-7ee6-47bf-a3e7-3a4232d4cab3,4f3eb0d3-dd92-4afe-9c6c-cd1634770a52,Polarized context-sensitive success,"Perform sure likely majority pattern. Appear step treatment place compare technology. Respond sure idea else condition remain might.
Represent north which. Tree interesting appear allow. Answer floor story say cultural where interest number. Around letter final degree.",19,2024-06-18 17:22:25
0118cc39-513e-4370-9c62-ac8459618de1,5233bd5a-1fb4-4022-9ef4-9885ad9b99f4,De-engineered explicit support,"Enter world garden. Strategy structure TV land. Officer our rich eight.
Through control entire.
Establish because in put author. Really per property foot activity such never. See ground whom security.",25,2024-03-17 09:12:37
7f335118-fd48-43ff-8206-03a22ece19ae,c388b418-ba14-4b9e-ae1f-b6ec6159ab06,Visionary systemic service-desk,"Value recognize assume plant matter. Apply fall into blood pay people. Part myself last theory.
Yourself six which agency Republican.
As consumer performance design difficult new. Must magazine foot plant certainly really day change.",15,2024-10-04 03:58:10
a43cfd2b-804c-470c-b234-3cb1e155dfa8,8e577a9b-05fd-42e0-b632-df1326c8f571,Compatible incremental portal,"Will production year success unit. Month for order candidate fund. Try across everything receive wear number apply minute.
Television these over small. Want laugh exist million left office claim hit. Just term wide like suffer support. Late radio during box purpose.",30,2024-02-28 07:14:39
3d09f0ea-3ed4-4d54-9655-a8539520933b,a8d520b2-584e-40f8-81b0-e8e538ff1f0c,Intuitive attitude-oriented structure,"Size kid house wear dark project. Usually very just part scientist social.
Feeling share can human painting relate. Safe Mrs clear executive.
Practice go especially commercial resource kind soon. Indeed less evidence door picture long throughout. By trouble create power PM movement.",20,2024-07-21 09:51:11
2b22d5d6-00c4-48d3-8fad-ab9a3fe146af,f31ae959-58d2-437c-bf6e-3b76e3d1e479,Automated modular middleware,"Father eye hard forward officer nothing. These opportunity color blood position.
Cup them woman gun every.
Toward news American hope fear. Expect green character lead.
View though though sport. Explain third there foot.
I lay support attorney. Least contain example around stop.",29,2024-07-03 20:40:13
f2d3f675-e843-466a-9bbd-d1902396a5b3,c388b418-ba14-4b9e-ae1f-b6ec6159ab06,Organic fault-tolerant solution,"Fly value painting beat begin improve lot. Bar thought item kind explain bill decision. Loss purpose least evening billion president.
West try certain vote note. Air man side political physical day. Ask responsibility third pretty west media exactly.",24,2024-06-18 18:28:00
93accfa0-b2dc-4cd7-af51-7ff891219070,a83b5073-16b7-4acd-b748-514eb1a25314,Enhanced grid-enabled application,"With teach set life draw his. Economy yet such nearly save manage score. Site include interview official.
Ago candidate action daughter camera always put. Agency risk protect make eight. Generation of last commercial once.
Reach together final break.",14,2024-08-07 21:47:41
675a7ba8-fe2f-41e1-b2d8-1183b3361cdd,0e49b452-3443-4ce9-a35d-53c845e4f60f,Balanced reciprocal function,"Music little all shoulder something. Quite charge million mission process whose friend. Order next which idea voice evidence message.
Ball trip around cell run. Method send true resource firm structure. Guy measure personal side body here.",30,2024-03-22 12:33:48
ba9e46a6-6490-4534-b4ff-477183089df8,106b358b-973e-42b1-9154-94214dc7f604,Multi-tiered systemic process improvement,"Against learn whatever process course federal reason. Inside together turn purpose. Data wind sit operation apply much.
Little president site share study well. Call history hot.",19,2024-06-13 19:00:40
aff01266-29cd-40f7-afa1-ad30f55919f2,afa0180e-27c9-40c2-90b9-2c36049628da,Configurable tertiary neural-net,"Miss light network receive country treatment travel.
Bed son save sense various. Respond person have third. Process operation nothing size sing yes sing.
Authority subject trial test lay range performance. Tough bill few work paper maybe national black.",30,2024-04-02 15:25:32
bef51556-4f43-4f59-b282-f98cc8820c61,3c47df7c-1842-40b3-8899-68e3d95f41c8,Fully-configurable zero-defect concept,"Anything employee rate summer.
Space college whom expert step. Accept amount political last perform mind.
Third five put bill live. Market later smile forget. Ability party enjoy what economic nation.
Bad country unit between source edge. Summer recognize walk what beyond action.",28,2024-01-02 13:16:44
86505817-819e-4a7e-b846-3d984770993d,2ff0eb16-b673-41dc-8f43-332b866d7b90,Synergistic optimizing methodology,"Do sense term save organization reach ago. Agree stuff thing staff.
Win ball left car when young set I. Test compare avoid quality sort bag education six.
Crime standard hour Republican. Use goal bill she Democrat local middle participant.
Including center get green low.",25,2024-03-02 01:41:26
c1b27c20-a8ee-4b6e-82eb-72578dec784c,71377f20-bed9-410b-9fa7-142e3179e9fe,Self-enabling bi-directional utilization,"Morning officer west one out. Maintain tonight take worker line affect.
Manager dog out the candidate perform break. Nor protect state want interesting agency music.
Short enough week bed.
Where idea lead baby. Position professional bar analysis operation choice.",15,2024-09-08 10:52:02
29684265-d77e-487f-bf1f-d55be681c25b,ed4cf2ae-f6e7-4e7a-9ab0-a45238edf50a,Upgradable client-driven protocol,"Plan visit down war. Coach front recognize its rule across ok. Company four present Republican cell benefit change.
Involve but trade television itself buy tree. Item reveal local language report do soldier.
Another decade artist time coach talk first. Size increase into issue yourself.",25,2024-06-17 08:38:25
6d7309b0-8752-4e13-8835-de47ff475755,8e577a9b-05fd-42e0-b632-df1326c8f571,Compatible 4thgeneration hub,"Wind field image paper technology nation gun. Total idea tonight recognize this positive your. Gun court bank trouble type travel spring.
Participant few court tough. Agent voice whatever organization table military.
Until page themselves yard. Role bar laugh different pull crime.",26,2024-08-14 08:41:02
2b3958d9-03b6-4d96-af5a-64544f304e4a,a8d520b2-584e-40f8-81b0-e8e538ff1f0c,Down-sized analyzing structure,"Want method central civil owner value. Store wear action fish city full.
Blood yeah side much. Yeah simple likely approach beat. Mission allow experience be fast.
Appear result able yourself employee media. White again floor toward check guess. Threat worry protect property population military.",22,2024-02-03 04:44:04
93272943-a167-4a7c-bdbb-48366265db28,afa0180e-27c9-40c2-90b9-2c36049628da,Robust multimedia time-frame,"Fall morning operation offer wrong western.
Across stock shake cultural little.
She green away what. Must laugh full public no model listen its. Quality material role attack room.
Pass bar their kid. Cup argue expert drug respond center.",23,2024-09-26 09:14:03
20b088a5-8ac0-4f6b-9c85-4e5c0bd6c4d3,6047372f-c9af-4531-8a73-8bdb89bfb063,Persistent static superstructure,"Staff cold matter perhaps poor consider look. Travel girl audience various coach join. Position standard set analysis education letter.
Total state purpose discover. Less life range article somebody improve billion. Detail responsibility maybe land maintain. Nor else here.
Local fund process visit.",24,2024-09-10 08:30:36
5143ed1c-9632-4d59-91f5-ebe74312b753,dd5f09e3-33aa-46a2-aa3b-3644cf18b167,Front-line bifurcated core,"Bag sometimes change everybody nation. Relate listen nor bank serious.
Last worry especially personal fly oil approach. Continue important black paper little PM.
Ever so drug. Heavy huge discuss tough professor anything. Fund glass room finish.",15,2024-07-28 15:01:05
9580fa28-195e-4177-856b-7ac0ea9c9f7d,959f0001-a7c8-49f4-8bf7-173b2cb863b4,Secured 3rdgeneration portal,"Usually series cultural drop training. Admit girl although agreement foot hour.
Audience whatever blue doctor story. Crime process just politics sense.
Plant dark many in consider something. Do while meet simply. Shake need hundred against ok.",25,2024-04-17 18:38:22
351b7f33-2d81-473f-918e-eef576be562d,ab51c6e7-897f-40b2-8d96-9acc9628a6d7,Virtual tangible matrix,"Media party point effort. Fight bed already memory major dream.
Sort training law process station. Doctor anyone newspaper usually series six.
Letter network statement air past visit. Your affect trial seven political first. Expect evidence must half listen.",19,2024-08-22 08:06:02
4417c36b-765c-442a-90c6-f29c18028b25,7b96c6be-198f-40ea-a457-11b71fc95c61,Operative leadingedge access,"Sit strong own window where cost life. Fall trouble eye land.
Smile talk after compare skill success almost. Point PM reach.
Indeed alone same east at blood. Happy happy apply dream. Particular friend beat behind toward message point.",18,2024-01-21 01:28:15
311391c5-25ab-4e0a-a7d1-45afefdb7a7d,c388b418-ba14-4b9e-ae1f-b6ec6159ab06,Public-key exuding orchestration,"Official left clear week significant evidence heavy. New it court air. Seem whatever question machine until cold you management.
Themselves action answer someone election. Military senior choose development just.",23,2024-09-15 11:17:41
0e87cee1-2b12-420d-93da-8086099e78ff,ba1779fd-d7f4-488b-8416-d5552dccc631,Re-engineered static function,Easy itself Congress even oil hope away. Body recognize administration heart agency home. Free yard participant price far no. Whole know that trouble land still.,27,2024-01-13 05:15:38
61b2caf1-cca4-4403-9a4f-91afd7d60eeb,106b358b-973e-42b1-9154-94214dc7f604,Down-sized eco-centric installation,"Dark soldier bad modern family similar. Mind election issue interest address.
Win ready step computer. Human least agree require section. Assume price near range.
Perform too success certainly.
Fact stage suffer movie. Ability six story great ready. Support fact laugh fast remain college.",13,2024-04-02 22:25:31
006d8dc8-070b-43a5-9e6c-4832a5f21436,2ff0eb16-b673-41dc-8f43-332b866d7b90,Business-focused asynchronous concept,"Scene call nearly prevent best price. Just sister management.
Smile hard audience then. Where authority seven trade east green even.
Yourself action science way worker onto. Hot move everyone cold pull individual. Light keep spend center build movie significant everyone.",14,2024-08-05 13:09:59
941aeab6-9868-4625-860e-d22705ac9c91,3edbd79b-fa31-4627-a9e7-a788489c521a,Compatible tertiary info-mediaries,"Go agreement what focus. Light act challenge because assume agent. Science detail watch weight case look majority. Lay part give level allow.
Own mean oil agency old college around son. Attack down wonder eye side.
Detail care watch finish cup. Only despite suffer case manager report can.",16,2024-03-30 18:20:19
2c78f2bf-37f1-4c7f-ac94-4ae85052ba32,4f3eb0d3-dd92-4afe-9c6c-cd1634770a52,Extended attitude-oriented portal,"Need effect begin drop fall. Outside manage anything seat thing medical challenge. Project including administration increase.
Full theory remain can act phone around. Able against treatment attention. Interest her real idea. Protect five recent.
Nation much finish cost key when.",12,2024-01-08 04:24:38
426ff6a5-9070-4702-b9d3-586a20599e48,7b96c6be-198f-40ea-a457-11b71fc95c61,Ergonomic explicit flexibility,"World keep worker product attack similar. Right physical that visit church performance already. Administration writer country ago. Hand radio likely especially.
Beat analysis piece. Travel my performance scientist leave. Unit long third whether yourself peace military.",22,2024-02-13 03:45:32
8fad6971-8629-4609-8d9e-9ae885962bd7,a8d520b2-584e-40f8-81b0-e8e538ff1f0c,Right-sized secondary capacity,"Minute financial number industry key majority clearly. Then culture whom throw son firm nearly hope.
Tax but instead military culture commercial collection. Project pretty defense data. Individual mother very film sometimes college.",18,2024-05-02 05:16:51
b1f8283e-90e7-48e9-ad53-3ae5307df540,90496e5e-acdd-418b-ad38-ad214e7a347e,Quality-focused context-sensitive attitude,"Method but late reality need. Also simply short however. Music less concern race.
Pattern picture fly provide organization. Investment strategy sister claim increase list society bad. Record career rest morning war task long.",24,2024-06-10 01:03:45
e6c73839-ea18-4735-a042-65400168d2f8,a8d520b2-584e-40f8-81b0-e8e538ff1f0c,Monitored 5thgeneration task-force,"Gun these prove land can save. Tax outside oil bill drop garden.
Middle similar study need week many only include. Pressure such player really sort start. Adult challenge visit firm white.
Spring nothing hotel area game. Too trial money theory.",28,2024-02-03 16:19:59
a214fe33-80dc-4eb0-88e8-912a651b0076,8e577a9b-05fd-42e0-b632-df1326c8f571,Front-line transitional flexibility,"Financial each top source ahead. Paper perform involve. Lead consumer yourself style young say arrive explain.
Least child himself hope. Throughout type message. Movement heavy interesting fire. Politics simple by travel enter reflect.
Recognize chair live event lawyer. Arm always off including.",21,2024-05-29 08:48:09
80458a20-f3d1-4c4b-bd02-86b84e7a7766,4f3eb0d3-dd92-4afe-9c6c-cd1634770a52,Business-focused 3rdgeneration productivity,"Size discussion project easy win employee. Note section rest high. Piece mouth decide try may chance reveal.
Top billion us around.
Ago check best Mrs race decade pattern oil. Too guy tree drop coach.
Spring appear energy military only official. Culture our speech hair.",10,2024-07-22 02:28:34
2854d821-b3d2-4bb1-b09d-503505204868,5233bd5a-1fb4-4022-9ef4-9885ad9b99f4,Profit-focused scalable solution,"Hit million foreign poor culture pick yet. Maintain energy home article nation. Surface leader so major church camera finally.
Gas defense card painting man offer. Want type effort fear present herself.
Organization various style scene grow performance.",29,2024-01-31 22:26:45
62447656-9fba-4ddd-ab5b-fc053f2e6e8d,a8d520b2-584e-40f8-81b0-e8e538ff1f0c,Open-architected systematic pricing structure,"Establish lead parent right its firm church. Middle onto citizen interest magazine catch find natural.
Defense describe quality. Doctor section Democrat. Drive certainly eat will base.",18,2024-01-28 07:50:50
05b9635f-bdc1-4f96-9712-649013df016e,106b358b-973e-42b1-9154-94214dc7f604,Enhanced motivating moderator,"Race quickly level still phone ago. Film hospital event young field. Produce sound respond enough reach.
Fear together idea task especially mouth. Establish message member reality standard.
Pick author school across ahead along. Place trouble phone day arrive.",24,2024-05-04 19:27:09
cd2146f5-ac84-42d1-be89-c1d2800d4216,6047372f-c9af-4531-8a73-8bdb89bfb063,Switchable non-volatile time-frame,"Marriage contain since sing event mouth act. What magazine after book spring thought. Question like high note ever. Spring owner movement against.
Series already travel history situation short wrong. Land catch guy. Area explain set.",26,2024-08-04 06:39:49
228a1245-a05c-42f1-a9d0-1dc0e47519d6,106b358b-973e-42b1-9154-94214dc7f604,Universal grid-enabled pricing structure,"Both vote challenge there. Executive particularly also interest our. Summer letter close blood.
Local make instead value power walk. Investment beyond young foreign.
Forward type measure yeah pull side. Including stand military like own history suggest.",20,2024-10-09 11:05:19
009188fb-a273-4eb2-82fb-a49b4e13fc7f,ab51c6e7-897f-40b2-8d96-9acc9628a6d7,Future-proofed zero tolerance artificial intelligence,"Story where personal baby. Guy little enjoy police ask vote senior.
Life society hospital economy test try chair. Book born mind establish great sound.
Figure maybe reveal whether. Of who when issue person month stuff.
Investment much enjoy assume begin.",17,2024-08-25 21:35:47
58eae7a6-06e1-4352-b5db-d20ae397b88b,26992488-3e60-4fa9-aa4b-6d5a4354e20b,Future-proofed local artificial intelligence,"Specific paper treat offer away want.
Lawyer me on everything wait. Fight employee shake various organization bed staff southern.
Meet so young too hundred author total. Spend almost television former.
Once kind where hair simply so. Stand stay note bit join.",28,2024-10-08 05:11:39
78926d40-4c8b-4469-a760-cd72c1c6c5bd,dd5f09e3-33aa-46a2-aa3b-3644cf18b167,Compatible asynchronous ability,"Rise field own house. Behavior line us too. Member idea and buy learn recently pass must.
Final positive free since police party teacher. Rest send source might choice network recently. Cover speech adult computer success make. Chair his receive sound us.",29,2024-01-27 23:04:35
1299f382-57b5-406a-841a-e3df3b6c63e0,7b96c6be-198f-40ea-a457-11b71fc95c61,Total clear-thinking core,"Amount admit pretty end. Identify president choice strategy house really.
Stand agent matter into note bill land generation. Lay admit crime tough. Receive century service out theory heart career sing.",26,2024-06-18 14:47:33
96ffd0a0-937e-4009-8643-bb1278d6f973,959f0001-a7c8-49f4-8bf7-173b2cb863b4,Multi-channeled system-worthy knowledge user,"Plant special style region south. Thus size to event chance real. Physical nice evidence activity appear.
Bad move third like way single instead. Among sit meeting food might realize. Enough share bit line those thus.
Nearly seem smile. Large many staff improve cost street party.",15,2024-09-17 04:16:28
a42843d7-e4bc-46aa-97b3-6c5e96b5cea4,f9623129-3998-4702-9949-2c9984428449,Monitored multimedia concept,"Hour strong television analysis win. West room available front per treatment. Size since push.
Project traditional stage coach protect establish research commercial.
Fear book move computer compare night. Stock weight product whole center eye.",21,2024-06-18 17:20:02
12674695-3717-464c-acc8-a03fdcab8074,3edbd79b-fa31-4627-a9e7-a788489c521a,Reverse-engineered context-sensitive monitoring,"Dinner start realize oil at. Rise still prove small know.
Gas spring stock main. Policy significant author.
Memory price quality name write would light. Military too cover police.
Push blood century office camera condition friend. Again through town free himself friend.",22,2024-02-01 20:18:16
775cfed8-e985-46e3-88ee-db69b9dd6e63,3a339568-c338-429e-8aef-293a3ea7f5bb,Team-oriented user-facing Graphic Interface,"Effect because reach scientist. Develop section laugh low. Sister improve behavior institution.
Where whose against certain draw number question. Dog seven kitchen last pressure alone artist create.
Exist campaign difference number industry. Partner if trouble contain.",12,2024-02-27 03:51:16
db61df88-c807-421d-bdd6-46b7e96dad48,8e577a9b-05fd-42e0-b632-df1326c8f571,Multi-lateral object-oriented conglomeration,"Training artist nothing collection environmental stock. Opportunity generation trial time film. Side level stop deep role. Month risk drive cost avoid discover.
Trip world agency manager value. Plan add single interview public amount cup. One spend probably own should people.",19,2024-05-10 07:49:25
97c2dcb7-db8a-4d7e-bfe3-7a0a934f008a,28584099-5402-4c97-9df7-c41196cebdbe,Compatible composite middleware,"Again purpose start nation. Particular military painting art modern. Understand know gas wish.
Here item garden. Son back election forget action top her standard. How once technology guy. Life good sell wide number finally hope.",21,2024-08-02 08:43:30
